Activity Type,Date,Favorite,Distance,Calories,Time,Avg HR,Max HR,Aerobic TE,Avg Run Cadence,Max Run Cadence,Avg Pace,Best Pace,Elev Gain,Elev Loss,Avg Stride Length,Avg Vertical Ratio,Avg Vertical Oscillation,Training Stress ScoreÂ®,Grit,Flow,Dive Time,Min Temp,Surface Interval,Decompression,Best Lap Time,Number of Laps,Max Temp,Moving Time,Elapsed Time,Min Elevation,Max Elevation
Running,2021-08-15 18:14:06,False,8.93,673,00:45:01,159,181,4.0,149,165,5:02,4:10,11,13,1.33,0.0,0.0,0.0,0.0,0.0,0:00,0.0,0:00,No,00:00.95,13,0.0,00:00:00,00:45:43,43,55
Running,2021-08-13 17:55:40,False,7.48,566,00:41:01,148,166,3.2,147,156,5:29,4:44,28,30,1.24,0.0,0.0,0.0,0.0,0.0,0:00,0.0,0:00,No,00:01.17,9,0.0,00:00:00,00:41:17,19,52
Running,2021-08-11 16:45:15,False,6.71,499,00:37:01,145,162,3.0,148,156,5:31,4:38,33,35,1.22,0.0,0.0,0.0,0.0,0.0,0:00,0.0,0:00,No,00:01.23,8,0.0,00:00:00,00:37:07,23,57
Running,2021-08-09 18:29:54,False,3.69,266,00:24:01,126,135,2.0,148,158,6:30,5:51,10,9,1.04,0.0,0.0,0.0,0.0,0.0,0:00,0.0,0:00,No,00:01.12,5,0.0,00:23:46,00:24:58,46,57
Running,2021-08-08 15:41:30,False,9.57,738,00:47:00,167,183,4.4,150,156,4:55,4:10,28,31,1.36,0.0,0.0,0.0,0.0,0.0,0:00,0.0,0:00,No,00:00.38,11,0.0,00:46:55,00:47:16,46,66
Running,2021-08-07 15:12:24,False,7.26,539,00:40:01,145,163,3.2,148,155,5:31,4:43,32,35,1.23,0.0,0.0,0.0,0.0,0.0,0:00,0.0,0:00,No,00:00.51,9,0.0,00:40:00,00:40:08,23,57
Running,2021-08-01 12:55:47,False,6.98,571,00:39:17,155,183,3.5,147,162,5:37,4:12,174,175,1.21,0.0,0.0,0.0,0.0,0.0,0:00,0.0,0:00,No,02:16.99,8,0.0,00:38:59,00:40:17,8,101
Running,2021-07-29 18:52:50,False,6.82,523,00:37:01,152,168,3.3,147,153,5:26,4:50,29,30,1.26,0.0,0.0,0.0,0.0,0.0,0:00,0.0,0:00,No,00:01.25,8,0.0,00:36:59,00:37:23,22,52
Running,2021-07-26 17:02:04,False,6.74,520,00:37:02,150,165,3.3,146,153,5:30,4:47,30,35,1.25,0.0,0.0,0.0,0.0,0.0,0:00,0.0,0:00,No,00:01.65,8,0.0,00:36:44,00:37:20,23,57
Running,2021-07-24 11:40:53,False,6.93,513,00:38:01,147,164,3.3,147,161,5:29,4:47,36,35,1.24,0.0,0.0,0.0,0.0,0.0,0:00,0.0,0:00,No,00:01.15,8,0.0,00:38:00,00:38:01,24,57
Running,2021-07-22 17:46:08,False,6.92,529,00:38:01,151,166,3.3,147,155,5:30,4:51,32,36,1.23,0.0,0.0,0.0,0.0,0.0,0:00,0.0,0:00,No,00:01.29,8,0.0,00:37:50,00:38:22,23,57
Running,2021-07-20 17:15:05,False,6.54,492,00:35:46,147,165,3.3,147,156,5:28,4:32,29,33,1.24,0.0,0.0,0.0,0.0,0.0,0:00,0.0,0:00,No,01:09.22,8,0.0,00:35:24,00:36:08,23,57
Running,2021-07-19 16:10:07,False,8.23,643,00:46:01,155,170,3.5,145,151,5:35,4:59,33,35,1.23,0.0,0.0,0.0,0.0,0.0,0:00,0.0,0:00,No,00:00.91,10,0.0,00:45:40,00:46:42,20,57
Running,2021-07-17 14:29:39,False,6.8,527,00:37:27,154,167,3.4,147,151,5:31,4:40,33,35,1.24,0.0,0.0,0.0,0.0,0.0,0:00,0.0,0:00,No,01:05.65,8,0.0,00:37:21,00:37:33,23,57
Running,2021-07-15 18:01:25,False,6.12,462,00:34:02,148,164,3.2,145,152,5:34,4:37,31,33,1.24,0.0,0.0,0.0,0.0,0.0,0:00,0.0,0:00,No,00:02.47,8,0.0,00:33:58,00:34:20,25,57
Running,2021-07-13 17:58:53,False,8.04,616,00:39:22,168,187,4.3,149,156,4:54,3:52,42,46,1.37,0.0,0.0,0.0,0.0,0.0,0:00,0.0,0:00,No,00:21.99,10,0.0,00:39:20,00:39:30,20,58
Running,2021-07-09 16:26:22,False,7.15,548,00:39:03,152,169,3.4,148,156,5:28,4:44,33,34,1.24,0.0,0.0,0.0,0.0,0.0,0:00,0.0,0:00,No,00:02.68,9,0.0,00:38:58,00:39:16,23,57
Running,2021-07-06 09:53:18,False,8.03,606,00:40:00,164,184,4.0,149,156,4:59,4:15,31,32,1.34,0.0,0.0,0.0,0.0,0.0,0:00,0.0,0:00,No,00:09.25,9,0.0,00:39:55,00:40:07,24,57
Running,2021-07-03 11:38:18,False,5.46,425,00:28:26,161,175,3.4,149,155,5:12,4:24,27,31,1.29,0.0,0.0,0.0,0.0,0.0,0:00,0.0,0:00,No,02:24.07,6,0.0,00:28:26,00:28:48,25,59
Running,2021-06-29 18:22:30,False,6.75,522,00:37:02,154,173,3.4,147,153,5:29,4:44,27,29,1.24,0.0,0.0,0.0,0.0,0.0,0:00,0.0,0:00,No,00:01.62,8,0.0,00:36:58,00:37:25,22,52
Running,2021-06-25 13:43:11,False,7.0,532,00:33:05,171,188,4.2,149,160,4:43,4:04,33,33,1.42,0.0,0.0,0.0,0.0,0.0,0:00,0.0,0:00,No,00:00.84,8,0.0,00:32:51,00:33:33,23,57
Running,2021-06-22 19:34:27,False,7.15,549,00:40:02,150,165,3.2,145,151,5:36,4:41,35,36,1.23,0.0,0.0,0.0,0.0,0.0,0:00,0.0,0:00,No,00:01.74,9,0.0,00:39:45,00:40:30,23,57
Running,2021-06-17 18:46:10,False,8.6,675,00:47:02,156,171,3.6,147,156,5:28,4:44,34,35,1.25,0.0,0.0,0.0,0.0,0.0,0:00,0.0,0:00,No,00:01.97,10,0.0,00:46:24,00:47:56,20,57
Running,2021-06-13 12:41:38,False,6.41,531,00:37:01,156,173,3.3,146,155,5:46,4:31,30,31,1.18,0.0,0.0,0.0,0.0,0.0,0:00,0.0,0:00,No,00:01.02,8,0.0,00:37:00,00:37:06,25,56
Running,2021-06-09 18:39:50,False,6.74,523,00:37:02,153,174,3.2,145,153,5:30,4:45,28,29,1.25,0.0,0.0,0.0,0.0,0.0,0:00,0.0,0:00,No,00:02.46,8,0.0,00:36:47,00:38:20,22,52
Running,2021-06-07 16:10:43,False,13.72,"1,042",01:08:08,165,191,4.4,147,165,4:58,4:08,45,46,1.37,0.0,0.0,0.0,0.0,0.0,0:00,0.0,0:00,No,00:08.40,16,0.0,01:07:04,01:16:03,18,56
Running,2021-06-01 17:32:47,False,5.47,423,00:28:53,152,169,3.2,146,154,5:17,4:29,26,28,1.3,0.0,0.0,0.0,0.0,0.0,0:00,0.0,0:00,No,02:30.17,6,0.0,00:28:49,00:29:28,25,56
Running,2021-05-30 17:29:19,False,7.01,522,00:32:41,166,182,3.8,150,210,4:40,3:55,35,35,1.43,0.0,0.0,0.0,0.0,0.0,0:00,0.0,0:00,No,00:01.94,8,0.0,00:32:34,00:35:15,23,57
Running,2021-05-28 18:04:50,False,8.07,635,00:41:26,159,175,3.8,148,156,5:08,4:16,36,36,1.32,0.0,0.0,0.0,0.0,0.0,0:00,0.0,0:00,No,00:26.18,9,0.0,00:41:16,00:41:50,23,58
Running,2021-05-26 18:24:09,False,8.21,655,00:40:49,166,182,4.2,147,157,4:58,4:02,32,35,1.37,0.0,0.0,0.0,0.0,0.0,0:00,0.0,0:00,No,01:04.47,9,0.0,00:40:34,00:46:19,20,57
Running,2021-05-20 17:22:22,False,8.02,640,00:40:26,164,183,4.0,148,156,5:02,4:11,33,34,1.34,0.0,0.0,0.0,0.0,0.0,0:00,0.0,0:00,No,00:05.62,9,0.0,00:40:07,00:40:45,23,57
Running,2021-05-18 15:50:51,False,10.44,808,00:54:12,157,170,3.8,149,158,5:11,4:39,68,67,1.29,0.0,0.0,0.0,0.0,0.0,0:00,0.0,0:00,No,02:19.66,11,0.0,00:53:57,00:54:49,26,67
Running,2021-05-14 17:21:40,False,5.52,439,00:29:14,156,180,3.3,146,155,5:18,4:38,30,31,1.29,0.0,0.0,0.0,0.0,0.0,0:00,0.0,0:00,No,01:17.05,7,0.0,00:29:10,00:29:19,25,56
Running,2021-05-12 17:07:55,False,7.01,516,00:34:13,157,195,3.7,149,156,4:53,4:09,37,38,1.37,0.0,0.0,0.0,0.0,0.0,0:00,0.0,0:00,No,00:01.60,8,0.0,00:34:11,00:34:13,23,57
Running,2021-05-10 17:19:37,False,5.47,383,00:26:49,151,174,3.1,147,156,4:54,4:17,29,32,1.38,0.0,0.0,0.0,0.0,0.0,0:00,0.0,0:00,No,02:19.16,6,0.0,00:26:34,00:27:14,26,58
Running,2021-05-08 13:53:36,False,8.25,634,00:40:03,166,196,4.2,151,157,4:51,4:00,41,40,1.36,0.0,0.0,0.0,0.0,0.0,0:00,0.0,0:00,No,01:13.03,9,0.0,00:39:59,00:40:03,39,60
Running,2021-05-05 16:54:42,False,5.43,398,00:30:35,144,166,2.7,147,156,5:38,4:34,34,35,1.21,0.0,0.0,0.0,0.0,0.0,0:00,0.0,0:00,No,02:36.29,6,0.0,00:30:27,00:32:10,25,59
Running,2021-05-04 17:23:17,False,5.45,410,00:26:50,160,195,3.5,149,158,4:55,4:19,30,33,1.36,0.0,0.0,0.0,0.0,0.0,0:00,0.0,0:00,No,02:11.52,6,0.0,00:26:32,00:27:10,25,58
Running,2021-05-01 17:03:04,False,8.24,586,00:40:06,156,185,3.7,150,157,4:52,4:07,32,33,1.37,0.0,0.0,0.0,0.0,0.0,0:00,0.0,0:00,No,01:04.73,9,0.0,00:39:57,00:40:21,18,52
Running,2021-04-29 16:47:25,False,5.49,403,00:26:58,156,180,3.4,148,155,4:55,4:18,28,31,1.38,0.0,0.0,0.0,0.0,0.0,0:00,0.0,0:00,No,02:27.20,6,0.0,00:26:46,00:27:05,25,59
Running,2021-04-26 17:06:00,False,5.49,378,00:25:43,155,180,3.5,148,159,4:41,4:03,35,37,1.44,0.0,0.0,0.0,0.0,0.0,0:00,0.0,0:00,No,02:12.43,6,0.0,00:25:25,00:26:59,25,58
Running,2021-04-24 15:04:55,False,5.45,394,00:25:44,161,178,3.5,149,158,4:44,4:16,34,34,1.43,0.0,0.0,0.0,0.0,0.0,0:00,0.0,0:00,No,01:59.93,6,0.0,00:25:30,00:26:06,25,59
Running,2021-04-22 15:18:36,False,9.0,712,00:47:00,--,--,--,--,--,5:13,--,--,--,0.0,0.0,0.0,0.0,0.0,0.0,0:00,0.0,0:00,No,00:00.00,1,0.0,00:00:00,00:00:00,--,--
Running,2021-04-20 16:59:04,False,5.49,405,00:26:24,160,175,3.6,147,155,4:49,4:20,31,31,1.42,0.0,0.0,0.0,0.0,0.0,0:00,0.0,0:00,No,02:18.87,6,0.0,00:26:17,00:26:30,26,58
Running,2021-04-18 16:50:31,False,5.48,426,00:28:25,156,169,3.5,148,156,5:11,4:27,29,33,1.31,0.0,0.0,0.0,0.0,0.0,0:00,0.0,0:00,No,02:32.46,6,0.0,00:28:23,00:28:25,26,58
Running,2021-04-16 16:40:00,True,7.01,513,00:32:48,164,179,3.9,149,156,4:41,4:10,36,33,1.43,0.0,0.0,0.0,0.0,0.0,0:00,0.0,0:00,No,00:01.95,8,0.0,00:32:47,00:32:53,23,57
Running,2021-04-13 17:30:35,False,5.49,403,00:25:57,162,176,3.5,149,158,4:44,4:00,27,29,1.42,0.0,0.0,0.0,0.0,0.0,0:00,0.0,0:00,No,00:06.52,7,0.0,00:25:54,00:25:57,25,57
Running,2021-04-11 16:22:50,False,5.46,408,00:29:24,146,165,3.1,148,156,5:23,4:48,35,40,1.26,0.0,0.0,0.0,0.0,0.0,0:00,0.0,0:00,No,02:22.74,6,0.0,00:29:23,00:29:24,25,59
Running,2021-04-10 10:58:36,False,5.42,423,00:26:06,168,182,3.7,149,165,4:49,4:10,36,33,1.39,0.0,0.0,0.0,0.0,0.0,0:00,0.0,0:00,No,01:56.59,6,0.0,00:26:00,00:26:22,25,58
Running,2021-04-08 18:05:54,False,5.47,407,00:27:35,155,178,3.5,146,153,5:02,4:13,32,32,1.36,0.0,0.0,0.0,0.0,0.0,0:00,0.0,0:00,No,02:24.04,6,0.0,00:27:31,00:27:45,26,59
Running,2021-04-05 15:58:51,False,5.19,400,00:30:36,145,166,2.7,145,169,5:53,3:26,41,42,1.17,0.0,0.0,0.0,0.0,0.0,0:00,0.0,0:00,No,00:55.25,6,0.0,00:30:23,00:32:49,26,59
Running,2021-04-03 15:13:38,False,6.48,507,00:35:15,153,164,3.4,148,156,5:26,4:42,37,36,1.24,0.0,0.0,0.0,0.0,0.0,0:00,0.0,0:00,No,02:35.77,7,0.0,00:35:08,00:35:19,25,58
Running,2021-03-27 12:28:35,False,5.45,421,00:27:39,159,171,3.4,147,155,5:04,4:26,34,34,1.34,0.0,0.0,0.0,0.0,0.0,0:00,0.0,0:00,No,02:19.95,6,0.0,00:27:26,00:27:54,25,58
Running,2021-03-26 16:37:40,False,7.01,526,00:33:41,163,178,3.9,148,156,4:48,4:21,26,28,1.41,0.0,0.0,0.0,0.0,0.0,0:00,0.0,0:00,No,00:01.73,8,0.0,00:33:26,00:33:59,22,52
Running,2021-03-23 17:02:38,False,5.44,390,00:26:07,158,174,3.3,150,157,4:48,4:17,37,36,1.39,0.0,0.0,0.0,0.0,0.0,0:00,0.0,0:00,No,02:10.55,6,0.0,00:26:06,00:26:15,25,58
Running,2021-03-20 15:55:27,False,8.04,615,00:38:34,166,179,4.2,149,156,4:48,4:13,52,56,1.4,0.0,0.0,0.0,0.0,0.0,0:00,0.0,0:00,No,00:13.46,9,0.0,00:38:29,00:38:45,29,59
Running,2021-03-18 16:42:01,False,7.01,515,00:33:59,160,183,3.8,150,160,4:51,4:12,31,34,1.37,0.0,0.0,0.0,0.0,0.0,0:00,0.0,0:00,No,00:01.42,8,0.0,00:33:52,00:33:59,23,57
Running,2021-03-15 17:16:44,False,5.38,392,00:26:06,158,175,3.5,148,157,4:51,4:27,28,29,1.39,0.0,0.0,0.0,0.0,0.0,0:00,0.0,0:00,No,01:52.55,6,0.0,00:26:03,00:26:34,25,57
Running,2021-03-14 17:02:00,False,5.48,383,00:25:50,159,177,3.5,152,161,4:43,4:05,29,32,1.4,0.0,0.0,0.0,0.0,0.0,0:00,0.0,0:00,No,02:16.85,6,0.0,00:25:48,00:25:50,26,58
Running,2021-03-11 16:52:33,False,5.46,415,00:26:40,164,181,3.6,150,155,4:53,4:25,34,35,1.37,0.0,0.0,0.0,0.0,0.0,0:00,0.0,0:00,No,02:20.92,6,0.0,00:26:39,00:26:50,26,59
Running,2021-03-08 15:40:23,False,5.47,420,00:26:52,165,183,3.6,147,155,4:55,4:20,28,30,1.39,0.0,0.0,0.0,0.0,0.0,0:00,0.0,0:00,No,02:20.13,6,0.0,00:26:47,00:27:02,26,58
Running,2021-03-06 12:16:02,False,5.48,421,00:26:14,169,178,3.7,150,156,4:47,4:23,31,32,1.39,0.0,0.0,0.0,0.0,0.0,0:00,0.0,0:00,No,02:20.87,6,0.0,00:26:07,00:26:23,25,58
Running,2021-03-03 16:05:11,False,8.01,618,00:38:34,166,178,4.2,147,158,4:49,4:15,29,30,1.41,0.0,0.0,0.0,0.0,0.0,0:00,0.0,0:00,No,00:01.78,9,0.0,00:38:24,00:38:38,22,52
Running,2021-03-01 17:05:21,False,5.45,408,00:25:46,165,175,3.6,147,155,4:44,4:01,32,32,1.44,0.0,0.0,0.0,0.0,0.0,0:00,0.0,0:00,No,00:01.62,7,0.0,00:25:44,00:25:46,25,58
Running,2021-02-25 16:52:53,False,6.59,517,00:35:00,155,165,3.4,147,156,5:19,4:31,36,35,1.28,0.0,0.0,0.0,0.0,0.0,0:00,0.0,0:00,No,03:20.14,7,0.0,00:34:55,00:35:41,25,58
Running,2021-02-24 16:38:27,False,5.5,409,00:26:32,161,175,3.5,148,155,4:49,4:10,29,33,1.4,0.0,0.0,0.0,0.0,0.0,0:00,0.0,0:00,No,02:28.51,6,0.0,00:26:23,00:26:42,26,58
Running,2021-02-19 16:48:21,False,5.19,393,00:25:29,160,172,3.3,147,153,4:55,4:21,30,29,1.38,0.0,0.0,0.0,0.0,0.0,0:00,0.0,0:00,No,00:58.42,6,0.0,00:25:28,00:25:29,26,59
Running,2021-02-17 16:52:51,False,10.0,785,00:47:06,173,184,5.0,149,157,4:42,4:02,36,36,1.43,0.0,0.0,0.0,0.0,0.0,0:00,0.0,0:00,No,00:01.26,11,0.0,00:46:55,00:47:28,18,55
Running,2021-02-15 16:38:09,False,6.19,472,00:34:01,147,173,3.1,147,158,5:29,4:44,32,33,1.24,0.0,0.0,0.0,0.0,0.0,0:00,0.0,0:00,No,01:01.05,7,0.0,00:33:59,00:34:01,26,82
Running,2021-02-11 16:46:46,False,5.51,374,00:26:11,152,174,3.3,148,155,4:45,4:13,31,32,1.42,0.0,0.0,0.0,0.0,0.0,0:00,0.0,0:00,No,02:31.42,6,0.0,00:26:10,00:26:11,26,58
Running,2021-02-08 16:29:16,False,7.01,484,00:33:16,158,175,3.5,148,157,4:45,4:15,26,23,1.42,0.0,0.0,0.0,0.0,0.0,0:00,0.0,0:00,No,00:01.88,8,0.0,00:33:04,00:35:37,41,57
Running,2021-02-05 15:54:14,False,7.0,533,00:33:37,165,178,3.9,149,155,4:48,4:18,31,31,1.4,0.0,0.0,0.0,0.0,0.0,0:00,0.0,0:00,No,00:01.39,8,0.0,00:33:30,00:33:41,22,53
Running,2021-02-03 16:34:15,False,6.13,448,00:29:25,160,175,3.6,148,155,4:48,4:10,31,33,1.41,0.0,0.0,0.0,0.0,0.0,0:00,0.0,0:00,No,00:38.87,7,0.0,00:29:19,00:29:36,25,59
Running,2021-02-01 16:37:38,False,5.46,397,00:25:27,164,180,3.5,148,165,4:39,4:04,25,27,1.45,0.0,0.0,0.0,0.0,0.0,0:00,0.0,0:00,No,02:07.30,6,0.0,00:25:23,00:25:35,25,90
Running,2021-01-30 13:29:53,False,5.46,402,00:26:34,160,176,3.5,147,159,4:52,4:17,34,33,1.39,0.0,0.0,0.0,0.0,0.0,0:00,0.0,0:00,No,02:16.76,6,0.0,00:26:32,00:26:54,25,58
Running,2021-01-28 15:44:27,False,7.01,488,00:33:12,158,178,3.8,147,155,4:44,3:56,32,35,1.44,0.0,0.0,0.0,0.0,0.0,0:00,0.0,0:00,No,00:01.76,8,0.0,00:33:06,00:33:17,23,57
Running,2021-01-25 16:23:54,False,5.05,355,00:26:50,144,179,2.8,142,153,5:19,4:36,31,33,1.32,0.0,0.0,0.0,0.0,0.0,0:00,0.0,0:00,No,00:14.62,6,0.0,00:26:25,00:29:50,25,59
Running,2021-01-23 15:37:39,False,7.01,521,00:34:10,163,180,4.0,148,156,4:52,4:19,12,13,1.39,0.0,0.0,0.0,0.0,0.0,0:00,0.0,0:00,No,00:01.64,8,0.0,00:33:50,00:35:28,42,57
Running,2021-01-21 15:56:34,False,7.01,518,00:33:29,162,179,3.9,148,158,4:47,4:00,28,28,1.41,0.0,0.0,0.0,0.0,0.0,0:00,0.0,0:00,No,00:01.52,8,0.0,00:33:18,00:33:43,22,52
Running,2021-01-18 16:07:14,False,5.51,415,00:26:48,162,171,3.4,147,160,4:52,4:09,30,31,1.4,0.0,0.0,0.0,0.0,0.0,0:00,0.0,0:00,No,00:04.56,7,0.0,00:26:46,00:26:48,25,57
Running,2021-01-15 16:04:44,False,7.0,514,00:33:18,162,186,3.8,149,156,4:45,4:06,34,32,1.41,0.0,0.0,0.0,0.0,0.0,0:00,0.0,0:00,No,00:01.21,8,0.0,00:33:13,00:33:32,23,57
Running,2021-01-13 11:02:25,False,5.76,466,00:31:07,157,169,3.5,146,156,5:24,4:47,35,34,1.27,0.0,0.0,0.0,0.0,0.0,0:00,0.0,0:00,No,04:13.20,6,0.0,00:31:01,00:31:07,25,59
Running,2021-01-11 16:04:06,False,5.47,359,00:25:37,156,179,3.5,147,156,4:41,4:02,31,33,1.45,0.0,0.0,0.0,0.0,0.0,0:00,0.0,0:00,No,02:10.82,6,0.0,00:25:32,00:25:37,25,58
Running,2021-01-06 15:52:22,False,10.01,774,00:48:30,166,180,4.7,145,228,4:51,3:53,74,78,1.39,0.0,0.0,0.0,0.0,0.0,0:00,0.0,0:00,No,00:01.75,11,0.0,00:48:46,00:52:20,24,59
Running,2021-01-05 10:53:37,False,7.01,561,00:38:29,153,172,3.5,145,155,5:29,4:23,38,37,1.25,0.0,0.0,0.0,0.0,0.0,0:00,0.0,0:00,No,00:01.51,8,0.0,00:38:17,00:38:40,23,57
Running,2021-01-03 15:43:14,False,6.01,417,00:27:39,162,178,3.7,149,156,4:36,3:45,32,32,1.46,0.0,0.0,0.0,0.0,0.0,0:00,0.0,0:00,No,00:01.54,7,0.0,00:27:36,00:27:39,25,56
Running,2020-12-31 12:44:04,False,8.42,669,00:46:39,153,172,3.6,145,156,5:33,3:51,46,45,1.25,0.0,0.0,0.0,0.0,0.0,0:00,0.0,0:00,No,02:13.31,9,0.0,00:46:00,00:46:39,42,64
Running,2020-12-28 15:56:56,False,6.3,471,00:30:13,164,175,3.7,147,157,4:48,3:59,31,31,1.42,0.0,0.0,0.0,0.0,0.0,0:00,0.0,0:00,No,01:36.13,7,0.0,00:30:10,00:30:13,25,57
Running,2020-12-24 16:11:35,False,5.52,397,00:27:10,156,173,3.4,147,158,4:55,4:14,27,28,1.38,0.0,0.0,0.0,0.0,0.0,0:00,0.0,0:00,No,02:40.22,6,0.0,00:27:09,00:27:10,25,56
Running,2020-12-22 13:15:38,False,7.01,557,00:35:20,165,175,3.9,147,158,5:03,4:09,31,31,1.35,0.0,0.0,0.0,0.0,0.0,0:00,0.0,0:00,No,00:01.61,8,0.0,00:35:14,00:35:20,22,52
Running,2020-12-19 16:04:37,False,5.51,414,00:27:20,158,172,3.4,145,150,4:58,4:21,30,32,1.39,0.0,0.0,0.0,0.0,0.0,0:00,0.0,0:00,No,02:34.45,6,0.0,00:27:11,00:27:28,25,56
Running,2020-12-17 15:50:08,False,5.53,400,00:26:14,162,174,3.5,147,155,4:44,4:08,29,31,1.44,0.0,0.0,0.0,0.0,0.0,0:00,0.0,0:00,No,02:32.97,6,0.0,00:26:07,00:26:40,26,58
Running,2020-12-12 13:06:31,False,7.01,520,00:34:30,160,175,3.7,147,158,4:55,4:28,32,31,1.38,0.0,0.0,0.0,0.0,0.0,0:00,0.0,0:00,No,00:01.65,8,0.0,00:34:12,00:35:17,22,52
Running,2020-12-10 14:50:28,False,7.01,519,00:33:23,164,176,3.8,148,158,4:46,4:06,28,28,1.42,0.0,0.0,0.0,0.0,0.0,0:00,0.0,0:00,No,00:01.56,8,0.0,00:32:58,00:34:46,22,53
Running,2020-12-08 15:49:24,False,5.5,340,00:26:10,145,173,3.2,147,156,4:45,3:50,30,33,1.43,0.0,0.0,0.0,0.0,0.0,0:00,0.0,0:00,No,02:26.37,6,0.0,00:26:01,00:26:21,25,59
Running,2020-12-06 12:18:39,False,6.01,468,00:29:43,165,180,3.8,148,158,4:57,4:08,31,32,1.36,0.0,0.0,0.0,0.0,0.0,0:00,0.0,0:00,No,00:01.78,7,0.0,00:29:37,00:29:53,25,57
Running,2020-12-04 15:28:03,False,7.01,521,00:34:08,161,180,3.8,147,160,4:52,4:15,29,28,1.4,0.0,0.0,0.0,0.0,0.0,0:00,0.0,0:00,No,00:01.70,8,0.0,00:33:51,00:34:33,22,52
Running,2020-12-02 15:38:03,False,6.01,412,00:28:56,153,175,3.4,149,156,4:49,3:56,33,32,1.39,0.0,0.0,0.0,0.0,0.0,0:00,0.0,0:00,No,00:01.71,7,0.0,00:28:53,00:28:56,25,56
Running,2020-11-27 15:23:22,False,7.01,536,00:34:59,159,171,3.6,146,158,5:00,4:10,26,27,1.37,0.0,0.0,0.0,0.0,0.0,0:00,0.0,0:00,No,00:01.54,8,0.0,00:34:52,00:35:08,22,52
Running,2020-11-25 15:49:01,False,7.01,512,00:33:57,157,171,3.5,148,156,4:51,4:11,29,28,1.4,0.0,0.0,0.0,0.0,0.0,0:00,0.0,0:00,No,00:01.52,8,0.0,00:33:54,00:34:01,22,53
Running,2020-11-23 16:04:31,False,6.01,441,00:28:46,159,172,3.4,147,156,4:47,4:12,31,30,1.42,0.0,0.0,0.0,0.0,0.0,0:00,0.0,0:00,No,00:01.18,7,0.0,00:28:39,00:28:59,25,57
Running,2020-11-19 12:20:16,False,7.01,475,00:32:57,153,175,3.5,150,160,4:42,3:57,29,30,1.42,0.0,0.0,0.0,0.0,0.0,0:00,0.0,0:00,No,00:01.27,8,0.0,00:32:45,00:33:02,22,52
Running,2020-11-17 16:12:49,False,8.31,618,00:40:09,160,175,3.7,149,159,4:50,4:04,28,28,1.39,0.0,0.0,0.0,0.0,0.0,0:00,0.0,0:00,No,01:28.62,9,0.0,00:40:00,00:42:10,39,60
Running,2020-11-16 16:15:39,False,6.01,453,00:28:56,161,180,3.5,146,161,4:49,3:59,29,31,1.42,0.0,0.0,0.0,0.0,0.0,0:00,0.0,0:00,No,00:01.58,7,0.0,00:28:45,00:29:07,25,56
Running,2020-11-11 16:15:04,False,6.01,397,00:27:03,157,176,3.5,151,156,4:30,3:51,30,31,1.47,0.0,0.0,0.0,0.0,0.0,0:00,0.0,0:00,No,00:01.38,7,0.0,00:27:01,00:27:03,25,56
Running,2020-11-10 13:19:18,False,7.0,485,00:32:47,157,177,3.6,152,157,4:41,3:53,29,29,1.41,0.0,0.0,0.0,0.0,0.0,0:00,0.0,0:00,No,00:01.13,8,0.0,00:32:42,00:32:47,22,53
Running,2020-11-08 15:14:49,False,9.0,638,00:56:52,136,157,2.5,145,163,6:19,5:12,38,38,1.09,0.0,0.0,0.0,0.0,0.0,0:00,0.0,0:00,No,06:05.69,9,0.0,00:56:10,01:03:02,40,64
Running,2020-11-07 16:15:13,False,7.0,503,00:33:33,158,175,3.6,148,156,4:47,4:14,29,28,1.41,0.0,0.0,0.0,0.0,0.0,0:00,0.0,0:00,No,00:01.09,8,0.0,00:33:26,00:33:52,22,52
Running,2020-11-05 16:04:39,False,7.0,524,00:33:02,164,172,3.7,149,237,4:43,3:13,28,28,1.42,0.0,0.0,0.0,0.0,0.0,0:00,0.0,0:00,No,00:00.76,8,0.0,00:32:56,00:33:08,22,52
Running,2020-11-03 16:17:02,False,10.01,713,00:47:18,160,179,4.2,150,159,4:44,4:09,40,43,1.39,0.0,0.0,0.0,0.0,0.0,0:00,0.0,0:00,No,00:01.18,11,0.0,00:47:14,00:47:23,39,60
Running,2020-11-02 15:59:34,False,6.47,500,00:35:01,150,166,3.2,146,158,5:25,4:44,29,30,1.27,0.0,0.0,0.0,0.0,0.0,0:00,0.0,0:00,No,02:30.79,7,0.0,00:34:55,00:35:01,25,56
Running,2020-10-31 16:44:26,False,7.01,536,00:33:17,167,179,3.9,148,161,4:45,4:12,28,28,1.42,0.0,0.0,0.0,0.0,0.0,0:00,0.0,0:00,No,00:02.24,8,0.0,00:33:09,00:33:24,22,57
Running,2020-10-29 16:49:33,False,6.01,415,00:30:33,147,172,3.3,146,155,5:05,4:06,31,30,1.35,0.0,0.0,0.0,0.0,0.0,0:00,0.0,0:00,No,00:01.32,7,0.0,00:30:25,00:30:40,25,58
Running,2020-10-26 13:41:17,False,10.01,775,00:49:30,162,173,4.2,149,155,4:57,4:09,57,58,1.36,0.0,0.0,0.0,0.0,0.0,0:00,0.0,0:00,No,00:01.54,11,0.0,00:49:28,00:49:30,22,56
Running,2020-10-23 17:25:38,False,7.01,533,00:32:50,168,178,3.9,149,160,4:41,3:56,27,28,1.43,0.0,0.0,0.0,0.0,0.0,0:00,0.0,0:00,No,00:01.17,8,0.0,00:32:47,00:32:55,22,52
Running,2020-10-20 17:48:23,False,7.01,541,00:33:59,164,175,3.8,149,156,4:51,4:16,28,28,1.39,0.0,0.0,0.0,0.0,0.0,0:00,0.0,0:00,No,00:01.73,8,0.0,00:33:54,00:34:03,22,52
Running,2020-10-18 17:13:59,False,5.43,402,00:26:07,159,172,3.4,149,160,4:49,4:06,29,30,1.4,0.0,0.0,0.0,0.0,0.0,0:00,0.0,0:00,No,02:04.73,6,0.0,00:25:52,00:26:19,25,56
Running,2020-10-17 17:31:10,False,9.0,652,00:43:25,158,174,4.0,151,161,4:49,4:12,32,30,1.38,0.0,0.0,0.0,0.0,0.0,0:00,0.0,0:00,No,00:01.17,10,0.0,00:43:10,00:43:48,22,56
Running,2020-10-13 18:23:58,False,5.46,409,00:27:07,157,170,3.3,147,161,4:58,4:29,28,28,1.37,0.0,0.0,0.0,0.0,0.0,0:00,0.0,0:00,No,02:28.68,6,0.0,00:27:01,00:27:07,25,57
Running,2020-10-12 17:50:00,False,7.0,507,00:34:23,158,176,3.7,148,158,4:55,4:21,29,30,1.37,0.0,0.0,0.0,0.0,0.0,0:00,0.0,0:00,No,00:00.56,8,0.0,00:34:19,00:34:23,22,53
Running,2020-10-09 09:55:39,False,7.0,541,00:33:26,169,180,4.0,152,159,4:47,4:16,29,28,1.38,0.0,0.0,0.0,0.0,0.0,0:00,0.0,0:00,No,01:53.14,8,0.0,00:33:19,00:33:30,22,52
Running,2020-10-05 18:14:59,False,5.45,368,00:24:54,158,177,3.4,153,161,4:34,3:55,25,26,1.44,0.0,0.0,0.0,0.0,0.0,0:00,0.0,0:00,No,02:00.71,6,0.0,00:24:52,00:24:54,25,57
Running,2020-10-04 17:31:19,False,7.01,548,00:36:20,158,169,3.6,149,158,5:11,4:22,31,32,1.3,0.0,0.0,0.0,0.0,0.0,0:00,0.0,0:00,No,00:01.59,8,0.0,00:36:12,00:36:20,22,53
Running,2020-10-02 18:54:25,False,5.47,445,00:31:38,152,169,3.1,142,156,5:47,4:55,31,31,1.22,0.0,0.0,0.0,0.0,0.0,0:00,0.0,0:00,No,02:47.61,6,0.0,00:31:36,00:32:03,25,57
Running,2020-09-30 18:08:07,False,7.01,563,00:39:36,152,163,3.2,145,150,5:39,4:43,27,28,1.22,0.0,0.0,0.0,0.0,0.0,0:00,0.0,0:00,No,00:02.19,8,0.0,00:39:26,00:39:36,22,52
Running,2020-09-28 17:42:45,False,6.79,529,00:37:11,151,162,3.2,147,151,5:29,4:37,27,28,1.24,0.0,0.0,0.0,0.0,0.0,0:00,0.0,0:00,No,04:30.31,7,0.0,00:37:05,00:37:11,22,52
Treadmill Running,2020-09-26 17:27:01,False,7.5,549,00:34:31,167,180,3.8,152,159,4:36,4:32,--,--,1.3,0.0,0.0,0.0,0.0,0.0,0:00,0.0,0:00,No,04:03.36,7,0.0,00:34:27,00:34:31,--,--
Running,2020-09-25 17:59:37,False,7.01,538,00:33:21,168,182,3.9,148,155,4:45,3:59,27,29,1.42,0.0,0.0,0.0,0.0,0.0,0:00,0.0,0:00,No,00:02.54,8,0.0,00:33:18,00:33:21,22,52
Running,2020-09-21 17:50:58,False,6.81,517,00:32:09,167,181,3.8,149,157,4:43,4:02,27,28,1.42,0.0,0.0,0.0,0.0,0.0,0:00,0.0,0:00,No,03:39.88,7,0.0,00:32:01,00:32:14,22,52
Running,2020-09-17 18:00:30,False,11.0,878,00:54:46,167,179,4.6,148,162,4:59,4:08,47,46,1.35,0.0,0.0,0.0,0.0,0.0,0:00,0.0,0:00,No,00:01.07,12,0.0,00:54:32,00:54:46,42,64
Running,2020-09-15 16:42:17,False,6.82,538,00:33:55,164,175,3.7,147,160,4:58,4:02,27,27,1.37,0.0,0.0,0.0,0.0,0.0,0:00,0.0,0:00,No,04:14.02,7,0.0,00:33:52,00:33:55,22,52
Running,2020-09-13 17:27:17,False,8.32,640,00:39:34,168,178,4.2,150,160,4:45,3:53,28,28,1.4,0.0,0.0,0.0,0.0,0.0,0:00,0.0,0:00,No,00:03.17,10,0.0,00:39:24,00:40:08,22,54
Running,2020-09-10 18:25:56,False,7.01,512,00:33:18,161,175,3.7,149,159,4:45,0:42,31,32,1.41,0.0,0.0,0.0,0.0,0.0,0:00,0.0,0:00,No,00:01.10,8,0.0,00:33:02,00:34:06,22,52
Running,2020-09-08 18:41:28,False,5.45,417,00:27:07,157,169,3.3,146,154,4:59,4:19,28,28,1.38,0.0,0.0,0.0,0.0,0.0,0:00,0.0,0:00,No,02:11.36,6,0.0,00:27:05,00:27:07,25,57
Running,2020-09-07 17:50:42,False,5.47,424,00:27:45,158,169,3.3,145,156,5:04,4:13,28,28,1.36,0.0,0.0,0.0,0.0,0.0,0:00,0.0,0:00,No,02:27.53,6,0.0,00:27:26,00:27:49,25,57
Running,2020-09-05 18:48:32,False,6.79,450,00:30:45,156,183,3.7,151,159,4:32,3:53,30,31,1.47,0.0,0.0,0.0,0.0,0.0,0:00,0.0,0:00,No,03:23.16,7,0.0,00:30:34,00:30:45,22,52
Running,2020-09-03 08:20:17,False,7.01,559,00:33:46,170,183,4.1,150,159,4:49,4:01,31,30,1.38,0.0,0.0,0.0,0.0,0.0,0:00,0.0,0:00,No,00:01.64,9,0.0,00:33:33,00:33:46,22,52
Running,2020-08-31 17:13:22,False,10.01,748,00:47:38,163,181,4.4,153,161,4:46,3:58,53,54,1.37,0.0,0.0,0.0,0.0,0.0,0:00,0.0,0:00,No,00:01.17,11,0.0,00:47:32,00:47:46,22,56
